2girls1cup,
anal,
Arsch,
Arschloch,
Arse,
Arsehole,
arseholes,
ass,
asshole,
assholes,
bitch,
blow job,
Blowjob,
buttfuck,
buttfucker,
Cock,
cock sucker,
Cocks,
Cocksucker,
comepollas,
comepoyas,
Connard,
Cum,
Cunt,
cunts,
Dick,
Dickhead,
Dicks,
Drecksau,
drecksjude,
Faggot,
falangista,
fascista,
Fellatio,
fick dich,
fistfuck,
Fooking,
Fotze,
Fuck,
Fucker,
Fuckers,
Fucking,
judenmutter,
Kike,
leck mich,
porno,
Pussy,
raghead,
ragheads,
sadomasochistic,
sadomasoquista,
sausagejockey,
shadydealings,
shag,
shaggers,
sheep-l0ver,
sheep-l0vers,
sheep-lover,
sheep-lovers,
sheep-shaggers,
sheepl0ver,
sheepl0vers,
sheeplover,
sheepshaggers,
sheethead,
sheetheads,
sheister,
shiznit,
shortfuck